City_ID,City,Lat,Lng,Max Temp,Humidity,Cloudiness,Wind Speed,Country,Date
0,Sioux Lookout,50.1001,-91.917,15.87,79,40,6.91,CA,1675825501
1,San Andrés,12.5847,-81.7006,80.62,78,40,16.11,CO,1675825252
2,Crateús,-5.1783,-40.6775,72.18,74,99,2.48,BR,1675825300
3,Arman',59.7,150.1667,-11.99,75,33,7.67,RU,1675825506
4,Hithadhoo,-0.6,73.0833,81.19,72,15,7.52,MV,1675825509
5,Scărişoara,44.0,24.5667,28.83,77,54,3.44,RO,1675825510
6,Cape Town,-33.9258,18.4232,70.21,73,20,11.99,ZA,1675825512
7,Port Hardy,50.6996,-127.4199,39.38,93,75,5.75,CA,1675825243
8,Mount Gambier,-37.8333,140.7667,73.53,44,14,11.39,AU,1675825515
9,Saint Paul Harbor,57.79,-152.4072,24.31,54,0,10.36,US,1675825516
10,Arraial do Cabo,-22.9661,-42.0278,74.75,92,100,2.33,BR,1675825517
11,Ḩasanābād,36.5465,61.0543,53.83,55,97,9.13,IR,1675825519
12,Lavrentiya,65.5833,-171.0,-14.75,92,97,2.93,RU,1675825521
13,Hobart,-42.8794,147.3294,62.46,69,75,13.8,AU,1675825522
14,Solnechnyy,50.7214,136.6319,-3.73,79,85,6.96,RU,1675825524
15,Portland,45.5234,-122.6762,46.89,88,16,4.0,US,1675825234
16,Jamestown,42.097,-79.2353,37.04,93,100,13.8,US,1675825527
17,Nikolskoye,59.7035,30.7861,30.09,86,100,10.04,RU,1675825529
18,Brae,60.3964,-1.353,44.24,73,100,30.78,GB,1675825530
19,Punta Arenas,-53.15,-70.9167,53.71,76,0,3.44,CL,1675825532
20,Makakilo City,21.3469,-158.0858,76.75,74,75,10.36,US,1675825299
21,San Patricio,28.017,-97.5169,71.89,82,92,13.49,US,1675825276
22,Busselton,-33.65,115.3333,78.98,44,0,1.61,AU,1675825535
23,Guarapari,-20.6667,-40.4975,76.89,95,100,5.21,BR,1675825537
24,Ushuaia,-54.8,-68.3,49.66,76,20,12.66,AR,1675825520
25,Bonavista,48.6499,-53.1147,25.09,69,92,22.03,CA,1675825541
26,Severo-Kuril'sk,50.6789,156.125,24.91,55,15,9.57,RU,1675825542
27,Komatipoort,-25.4332,31.9548,73.06,96,85,3.29,ZA,1675825409
28,Tiksi,71.6872,128.8694,-34.17,99,99,5.99,RU,1675825544
29,Nabannagan West,18.0715,121.5338,78.3,87,68,5.53,PH,1675825546
30,Vardø,70.3705,31.1107,30.18,80,10,24.16,NO,1675825548
31,Innisfail,-17.5333,146.0333,82.11,88,100,10.74,AU,1675825550
32,Hong Kong,22.2855,114.1577,68.97,83,97,13.0,HK,1675825546
33,Constitución,-35.3333,-72.4167,59.92,69,0,9.71,CL,1675825552
34,Inírida,3.8653,-67.9239,74.25,93,84,2.33,CO,1675825554
35,Menongue,-14.6585,17.691,61.43,82,100,3.31,AO,1675825555
36,College,64.8569,-147.8028,6.78,78,75,0.0,US,1675825558
37,At-Bashi,41.1702,75.8106,3.43,61,37,4.34,KG,1675825559
38,Castro,-24.7911,-50.0119,61.5,95,71,5.26,BR,1675825560
39,Kaupanger,61.1845,7.2404,38.71,99,98,4.83,NO,1675825562
40,Itoman,26.1247,127.6694,71.62,68,20,14.97,JP,1675825564
41,Rikitea,-23.1203,-134.9692,79.84,69,37,9.04,PF,1675825567
42,Saint-Philippe,-21.3585,55.7679,78.39,83,89,13.35,RE,1675825569
43,Kyren,51.6828,102.1408,10.45,74,49,0.25,RU,1675825570
44,Provideniya,64.3833,-173.3,-3.89,71,100,6.71,RU,1675825316
45,New Norfolk,-42.7826,147.0587,62.1,32,5,4.54,AU,1675825573
46,Roebourne,-20.7833,117.1333,94.06,39,60,9.84,AU,1675825575
47,Torbay,47.6666,-52.7314,26.38,86,75,24.16,CA,1675825578
48,Port Alfred,-33.5906,26.891,69.19,90,100,4.0,ZA,1675825579
49,Mataura,-46.1927,168.8643,58.08,51,64,11.68,NZ,1675825557
50,Ngunguru,-35.6167,174.5,72.59,57,54,3.67,NZ,1675825582
51,Hilo,19.7297,-155.09,77.29,88,100,10.36,US,1675825554
52,Albany,42.6001,-73.9662,35.22,78,97,3.0,US,1675825538
53,Vaini,-21.2,-175.2,84.36,79,40,5.75,TO,1675825562
54,Locharbriggs,55.1034,-3.5844,44.96,96,100,11.05,GB,1675825587
55,Esperance,-33.8667,121.9,71.62,64,78,11.65,AU,1675825588
56,Cidreira,-30.1811,-50.2056,75.36,81,10,14.34,BR,1675825590
57,Porto da Folha,-9.9172,-37.2783,76.01,73,100,5.61,BR,1675825593
58,San Cristobal,7.7669,-72.225,69.98,78,12,1.74,VE,1675825594
59,Nelson Bay,-32.7167,152.15,82.45,62,49,3.0,AU,1675825596
60,Avarua,-21.2078,-159.775,84.25,74,34,10.36,CK,1675825441
61,Imbituba,-28.24,-48.6703,71.38,89,21,6.06,BR,1675825446
62,Hamilton,39.1834,-84.5333,52.09,91,100,6.91,US,1675825360
63,Dohad,22.8333,74.2667,66.22,26,1,5.95,IN,1675825601
64,Shenjiamen,29.9576,122.298,49.55,77,92,11.41,CN,1675825603
65,Saryg-Sep,51.5,95.6,-3.14,96,99,1.92,RU,1675825604
66,Kaitangata,-46.2817,169.8464,58.91,49,18,14.99,NZ,1675825606
67,Bolobo,-2.1667,16.2333,72.64,83,49,3.62,CD,1675825608
68,Bethel,41.3712,-73.414,37.76,84,100,0.0,US,1675825610
69,Vila Velha,-20.3297,-40.2925,76.95,90,40,2.3,BR,1675825612
70,Masuguru,-11.3667,38.4167,70.81,99,93,3.38,TZ,1675825614
71,Bluff,-46.6,168.3333,54.61,64,49,27.0,NZ,1675825615
72,Yulara,-25.2406,130.9889,98.11,16,0,7.47,AU,1675825617
73,Gizo Government Station,-8.103,156.8419,84.56,73,100,12.48,SB,1675825618
74,Nhulunbuy,-12.2333,136.7667,86.61,74,75,5.75,AU,1675825619
75,Havre-St-Pierre,50.2334,-63.5986,19.76,73,100,11.5,CA,1675825621
76,Mount Isa,-20.7333,139.5,91.17,49,75,4.61,AU,1675825622
77,Touros,-5.1989,-35.4608,77.68,74,100,11.97,BR,1675825624
78,Dikson,73.5069,80.5464,-6.27,91,100,22.73,RU,1675825625
79,Tuktoyaktuk,69.4541,-133.0374,-23.8,76,100,3.44,CA,1675825568
80,Gijang,35.2442,129.2139,51.04,25,15,4.72,KR,1675825628
81,Hofn,64.2539,-15.2082,32.85,60,100,18.3,IS,1675825402
82,Pizarro,4.9533,-77.366,77.4,89,35,2.28,CO,1675825631
83,Port Elizabeth,-33.918,25.5701,67.32,92,100,3.0,ZA,1675825633
84,Qaanaaq,77.484,-69.3632,-25.42,67,6,6.13,GL,1675825585
85,Fauske,67.2588,15.3918,42.84,79,94,11.86,NO,1675825636
86,Kaithal,29.8,76.3833,53.02,45,10,5.37,IN,1675825638
87,Chokurdakh,70.6333,147.9167,-35.82,99,100,3.44,RU,1675825583
88,Saint-Augustin,51.226,-58.6502,-3.23,87,15,5.03,CA,1675825642
89,Aksu,41.1231,80.2644,25.27,64,8,4.54,CN,1675825643
90,Butaritari,3.0707,172.7902,81.05,81,100,21.61,KI,1675825644
91,Viedma,-40.8135,-62.9967,67.14,62,37,8.37,AR,1675825646
92,Cabedelo,-6.9811,-34.8339,74.07,75,99,8.3,BR,1675825379
93,Husavik,66.0449,-17.3389,23.34,72,91,14.76,IS,1675825569
94,Duayaw-Nkwanta,7.1724,-2.1028,70.83,93,99,2.44,GH,1675825650
95,Quimper,48.0,-4.1,36.16,80,0,6.91,FR,1675825651
96,Atuona,-9.8,-139.0333,79.16,75,24,16.69,PF,1675825579
97,Henties Bay,-22.116,14.2845,64.33,90,43,5.5,NA,1675825654
98,Kruisfontein,-34.0033,24.7314,64.89,83,100,4.41,ZA,1675825657
99,Evensk,61.95,159.2333,-15.68,77,58,6.29,RU,1675825658
100,Upernavik,72.7868,-56.1549,-22.7,95,47,4.05,GL,1675825577
101,Wawa,9.9022,4.4192,77.92,23,38,4.83,NG,1675825492
102,Thompson,55.7435,-97.8558,4.14,98,99,2.86,CA,1675825662
103,Grand Gaube,-20.0064,57.6608,79.38,79,24,5.01,MU,1675825666
104,Kavieng,-2.5744,150.7967,81.99,77,100,8.81,PG,1675825667
105,Aranda de Duero,41.6704,-3.6892,35.56,87,65,14.76,ES,1675825669
106,Ust'-Uda,54.1742,103.0304,2.84,97,100,2.8,RU,1675825670
107,Itarema,-2.9248,-39.9167,77.52,82,100,8.3,BR,1675825672
108,Santa Catarina de Tepehuanes,25.35,-105.7333,47.62,39,3,6.82,MX,1675825673
109,Petropavlovka,50.6114,105.3196,0.43,93,54,2.73,RU,1675825675
110,Jinchang,38.4953,102.1739,25.97,82,100,3.0,CN,1675825598
111,Hambantota,6.1241,81.1185,79.14,94,20,9.22,LK,1675825677
112,Tambopata,-12.7333,-69.1833,71.47,98,66,1.28,PE,1675825679
113,Inta,66.0317,60.1659,13.89,93,100,28.14,RU,1675825680
114,Sarankhola,22.3082,89.7897,77.04,58,0,6.13,BD,1675825511
115,Half Moon Bay,37.4636,-122.4286,55.33,75,0,9.22,US,1675825683
116,Mirabela,-16.2628,-44.1644,72.46,69,81,1.63,BR,1675825684
117,Port Augusta,-32.5,137.7667,95.92,13,0,8.79,AU,1675825686
118,Saint George,37.1041,-113.5841,46.99,47,0,1.99,US,1675825688
119,Puerto Ayora,-0.7393,-90.3518,79.56,92,55,5.01,EC,1675825573
120,Isla Mujeres,21.2311,-86.731,78.85,84,0,17.4,MX,1675825691
121,Bredasdorp,-34.5322,20.0403,64.85,81,7,6.55,ZA,1675825592
122,Siyabuswa,-25.1132,29.0445,69.19,68,47,4.61,ZA,1675825693
123,Pareora,-44.4871,171.2132,62.02,65,16,20.29,NZ,1675825696
124,Mar del Plata,-38.0023,-57.5575,74.08,94,0,20.0,AR,1675825554
125,Vao,-22.6667,167.4833,80.28,70,34,13.62,NC,1675825699
126,Khatanga,71.9667,102.5,-47.51,100,63,2.93,RU,1675825700
127,Chapais,49.7834,-74.8492,22.78,95,100,9.82,CA,1675825702
128,Codrington,-38.2667,141.9667,66.56,58,80,15.08,AU,1675825703
129,Finschhafen,-6.6024,147.8681,85.64,72,98,7.02,PG,1675825705
130,Alofi,-19.0595,-169.9187,82.29,83,100,8.05,NU,1675825706
131,Les Cayes,18.2,-73.75,74.14,78,16,3.76,HT,1675825708
132,Ouadda,8.0777,22.4007,71.56,15,23,9.75,CF,1675825709
133,Kapaa,22.0752,-159.319,78.78,85,75,16.11,US,1675825710
134,Kaseda-shirakame,31.4167,130.3167,57.47,53,40,12.1,JP,1675825712
135,Gweta,-20.1833,25.2333,75.67,57,79,4.43,BW,1675825713
136,Hasaki,35.7333,140.8333,54.0,67,100,20.62,JP,1675825514
137,Nantucket,41.2835,-70.0995,37.54,79,40,13.8,US,1675825649
138,Yangi Marg`ilon,40.4272,71.7189,30.92,80,99,4.61,UZ,1675825718
139,Olinda,-8.0089,-34.8553,76.73,73,20,3.44,BR,1675825670
140,Sitka,57.0531,-135.33,35.49,80,75,5.75,US,1675825720
141,Alyangula,-13.8483,136.4192,86.88,65,100,4.27,AU,1675825722
142,Kieta,-6.2167,155.6333,85.73,67,31,8.43,PG,1675825723
143,Korla,41.7597,86.1469,31.32,81,13,2.62,CN,1675825725
144,Grindavik,63.8424,-22.4338,27.07,59,75,31.07,IS,1675825726
145,Ribeira Grande,38.5167,-28.7,54.77,67,27,5.01,PT,1675825729
146,Lorengau,-2.0226,147.2712,78.28,92,100,19.26,PG,1675825730
147,Bengkulu,-3.8004,102.2655,83.62,57,65,7.02,ID,1675825616
148,Giresun Province,40.5,38.5,-2.58,97,100,3.8,TR,1675825732
149,Cabo San Lucas,22.8909,-109.9124,69.51,61,75,1.01,MX,1675825734
150,Balikpapan,-1.2675,116.8289,85.19,62,75,6.91,ID,1675825675
151,Jizan,17.3333,42.6667,75.61,76,2,4.16,SA,1675825736
152,Alvdal,62.1077,10.6307,23.27,100,92,6.62,NO,1675825738
153,Zabaykal'sk,49.6333,117.3167,2.08,91,53,5.12,RU,1675825740
154,Faanui,-16.4833,-151.75,81.07,72,24,12.24,PF,1675825683
155,Kununurra,-15.7667,128.7333,96.78,46,5,8.05,AU,1675825743
156,Saskylakh,71.9167,114.0833,-29.52,100,100,0.11,RU,1675825679
157,Āgaro,7.85,36.65,58.48,54,5,2.26,ET,1675825746
158,Bara,10.3744,10.7288,67.46,25,13,7.52,NG,1675825747
159,Coyhaique,-45.5752,-72.0662,61.41,72,75,3.44,CL,1675825749
160,George Town,5.4112,100.3354,84.13,65,20,11.5,MY,1675825712
161,Huarmey,-10.0681,-78.1522,72.43,82,7,5.59,PE,1675825492
162,Burgeo,47.6167,-57.6152,17.35,81,100,17.85,CA,1675825552
163,Kumluca,36.3703,30.2869,38.3,46,4,10.6,TR,1675825605
164,Havelock,34.8791,-76.9013,53.94,76,0,3.44,US,1675825755
165,Chulym,55.0997,80.9572,-9.17,100,96,5.53,RU,1675825758
166,Port Lincoln,-34.7333,135.8667,74.95,57,23,8.72,AU,1675825761
167,Tuy Hoa,13.0833,109.3,79.34,77,37,5.23,VN,1675825763
168,Tevriz,57.509,72.4042,-19.26,100,42,2.66,RU,1675825764
169,São Filipe,14.8961,-24.4956,68.23,69,20,9.82,CV,1675825765
170,Verāval,20.9,70.3667,71.56,54,7,7.94,IN,1675825648
171,Tiarei,-17.5333,-149.3333,86.02,63,2,4.92,PF,1675825768
172,Lagoa,39.05,-27.9833,55.69,58,98,14.0,PT,1675825769
173,Kemisē,10.7167,39.8667,60.37,28,2,2.64,ET,1675825771
174,Jahāzpur,25.6167,75.2833,62.6,36,0,0.49,IN,1675825597
175,Iqaluit,63.7506,-68.5145,-29.47,68,40,4.61,CA,1675825775
176,La Baule-Escoublac,47.2922,-2.364,33.46,87,0,8.05,FR,1675825777
177,Carnarvon,-24.8667,113.6333,85.69,50,1,15.14,AU,1675825610
178,Marzuq,14.4,46.4667,61.43,53,6,5.14,YE,1675825779
179,Jiwani,25.05,61.7417,71.76,67,2,5.73,PK,1675825781
180,Fortuna,40.5982,-124.1573,51.98,84,100,3.44,US,1675825733
181,Xinzhi,36.4989,111.7047,44.17,40,100,1.41,CN,1675825517
182,Şibot,45.95,23.3333,17.02,94,36,3.98,RO,1675825785
183,Chusovoy,58.3013,57.8131,-5.64,100,100,2.71,RU,1675825787
184,‘Āhuimanu,21.4447,-157.8378,80.31,79,40,16.11,US,1675825789
185,Māngrol,21.1167,70.1167,70.39,54,10,8.19,IN,1675825790
186,Hirara,24.8,125.2833,69.94,74,96,17.94,JP,1675825792
187,Barrow,71.2906,-156.7887,-2.18,78,100,10.36,US,1675825793
188,Marataizes,-21.0433,-40.8244,74.21,96,100,8.68,BR,1675825499
189,Haines Junction,60.7522,-137.5108,11.61,99,31,4.03,CA,1675825795
190,Yellowknife,62.456,-114.3525,-3.44,83,100,5.99,CA,1675825797
191,Monte Alegre,-2.0078,-54.0692,74.05,94,86,2.77,BR,1675825798
192,Nome,64.5011,-165.4064,-9.33,77,0,0.0,US,1675825800
193,Chui,-33.6971,-53.4616,69.46,82,18,6.76,UY,1675825801
194,Erenhot,43.6475,111.9767,19.02,52,100,3.02,CN,1675825532
195,Khāsh,28.2211,61.2158,52.2,54,23,8.86,IR,1675825804
196,Leningradskiy,69.3833,178.4167,-24.48,95,100,4.88,RU,1675825807
197,Zelenogorskiy,55.0333,87.0,11.1,96,100,3.22,RU,1675825808
198,Narsaq,60.9167,-46.05,-12.78,65,3,8.81,GL,1675825608
199,Dhanwār,24.4167,85.9833,68.9,41,0,4.81,IN,1675825811
200,Moree,-29.4667,149.85,89.19,31,65,8.61,AU,1675825813
201,Hermanus,-34.4187,19.2345,66.79,83,0,11.92,ZA,1675825708
202,Kumul,42.8,93.45,34.11,66,100,3.15,CN,1675825815
203,Aykhal,66.0,111.5,-34.19,100,68,2.55,RU,1675825818
204,Naze,28.3667,129.4833,61.45,67,95,14.34,JP,1675825819
205,Anadyr,64.75,177.4833,-24.52,74,0,11.18,RU,1675825822
206,Sayyan,15.1718,44.3244,50.2,65,17,0.85,YE,1675825823
207,Buin,-33.7333,-70.75,81.12,53,0,1.39,CL,1675825825
208,Padang,-0.9492,100.3543,82.45,56,86,2.53,ID,1675825826
209,East London,-33.0153,27.9116,70.66,83,100,10.27,ZA,1675825724
210,Te Anau,-45.4167,167.7167,57.13,47,46,12.64,NZ,1675825754
211,Kalabo,-14.97,22.6814,63.79,98,100,4.72,ZM,1675825830
212,Mutsu,41.2894,141.2169,31.23,57,100,5.61,JP,1675825831
213,Lompoc,34.6391,-120.4579,52.7,85,0,10.0,US,1675825833
214,Clyde River,70.4692,-68.5914,-31.4,98,93,2.86,CA,1675825834
215,Shubarkuduk,49.1447,56.4872,4.14,90,10,13.6,KZ,1675825836
216,Talnakh,69.4865,88.3972,-9.53,98,98,7.38,RU,1675825837
217,Kirakira,-10.4544,161.9205,82.33,83,100,9.42,SB,1675825838
218,Mayahi,13.9553,7.6712,65.03,22,65,10.76,NE,1675825840
219,Yumen,40.2833,97.2,30.9,46,27,14.97,CN,1675825841
220,Sola,-13.8833,167.55,82.13,77,96,14.41,VU,1675825734
221,Songea,-10.6833,35.65,63.95,95,100,2.98,TZ,1675825844
222,Mangai,-4.05,19.5333,72.66,77,100,1.74,CD,1675825708
223,Eureka,40.8021,-124.1637,52.25,85,99,1.01,US,1675825846
224,Vanimo,-2.6741,141.3028,77.63,95,100,8.32,PG,1675825847
225,Pangnirtung,66.1451,-65.7125,-29.18,84,5,5.23,CA,1675825728
226,Tura,25.5198,90.2201,68.07,41,96,1.9,IN,1675825850
227,Lebu,-37.6167,-73.65,58.78,88,0,17.43,CL,1675825732
228,Nishihara,26.1842,127.7558,70.88,68,20,14.97,JP,1675825722
229,Laguna,38.421,-121.4238,52.92,75,0,0.0,US,1675825725
230,Valladolid,41.5833,-4.6667,36.79,78,11,3.0,ES,1675825799
231,Kurtamysh,54.9103,64.4319,-12.73,100,100,5.73,RU,1675825856
232,Ponta do Sol,32.6667,-17.1,59.63,62,37,8.32,PT,1675825571
233,Fairbanks,64.8378,-147.7164,6.8,78,100,0.0,US,1675825859
234,Bishoftu,8.75,38.9833,54.12,42,0,4.07,ET,1675825860
235,Fomboni,-12.28,43.7425,82.18,74,100,14.12,KM,1675825861
236,Nichinan,31.6,131.3667,58.78,68,77,5.12,JP,1675825863
237,Palana,59.1167,159.9667,-10.88,94,97,11.54,RU,1675825864
238,Catherinas Lust,6.4,-57.6,75.45,88,59,8.43,GY,1675825866
239,Kenai,60.5544,-151.2583,29.14,88,100,23.02,US,1675825869
240,Salisbury,51.0693,-1.7957,32.77,93,40,5.75,GB,1675825736
241,Cuamba,-14.8031,36.5372,67.14,98,100,3.53,MZ,1675825873
242,Geneva,41.8875,-88.3054,35.15,82,0,9.22,US,1675825874
243,Malia,35.2833,25.4667,44.46,78,100,18.16,GR,1675825876
244,Drumheller,51.4617,-112.7101,24.06,90,100,4.59,CA,1675825878
245,Japura,-0.3167,102.35,85.37,65,82,3.24,ID,1675825879
246,Lubao,14.9167,120.55,89.31,58,100,11.68,PH,1675825881
247,Kāmākhyānagar,20.9333,85.55,73.72,41,1,3.76,IN,1675825594
248,Kallaste,58.655,27.1592,30.43,85,100,13.4,EE,1675825885
249,Bilibino,68.0546,166.4372,-33.48,98,100,2.48,RU,1675825886
250,Arlit,18.7369,7.3853,69.85,16,100,3.6,NE,1675825889
251,Klaksvík,62.2266,-6.589,45.9,83,100,56.35,FO,1675825830
252,Kholodnyy,62.7167,147.95,-25.11,94,98,1.81,RU,1675825891
253,Kalmunai,7.4167,81.8167,79.72,81,92,10.11,LK,1675825893
254,Ostrovnoy,68.0531,39.5131,30.56,77,9,22.59,RU,1675825894
255,Snyder,32.7179,-100.9176,43.09,70,100,12.66,US,1675825896
256,Nanortalik,60.1432,-45.2371,4.53,73,9,18.95,GL,1675825897
257,Pemangkat,1.1667,108.9667,81.43,76,92,3.15,ID,1675825898
258,San Quintín,30.4833,-115.95,58.48,52,0,2.19,MX,1675825650
259,Coquimbo,-29.9533,-71.3436,64.13,88,100,5.75,CL,1675825901
260,Wenzhou,27.9994,120.6668,52.23,79,100,3.13,CN,1675825902
261,Burnie,-41.0667,145.9167,62.94,90,99,7.92,AU,1675825904
262,Clarence Town,-32.5833,151.7833,85.14,38,39,11.07,AU,1675825905
263,Perevoz,55.5961,44.5446,-2.74,100,100,4.94,RU,1675825906
264,Harper,4.375,-7.7169,78.69,85,100,6.42,LR,1675825908
265,Meulaboh,4.1363,96.1285,81.81,69,84,0.92,ID,1675825909
266,Airai,-8.9266,125.4092,70.25,79,80,3.33,TL,1675825675
267,Whitianga,-36.8333,175.7,73.38,58,85,11.41,NZ,1675825912
268,Namatanai,-3.6667,152.4333,85.73,64,92,10.67,PG,1675825913
269,Almaznyy,48.0448,40.045,13.42,88,14,17.16,RU,1675825914
270,Calama,-22.4667,-68.9333,63.09,51,75,4.61,CL,1675825917
271,General Pico,-35.6566,-63.7568,80.74,28,67,6.82,AR,1675825897
272,Cláudio,-20.4433,-44.7658,66.69,91,100,3.06,BR,1675825920
273,Labuhan,-6.8844,112.2051,77.99,86,100,7.02,ID,1675825921
274,Inverness,57.4791,-4.224,43.79,71,0,24.16,GB,1675825646
275,Leander,30.5788,-97.8531,57.69,92,100,11.5,US,1675825924
276,Homer,59.6425,-151.5483,24.69,72,75,18.41,US,1675825756
277,Laela,-8.5667,32.05,59.99,89,100,3.2,TZ,1675825765
278,Galiākot,23.5167,74.0,64.94,26,0,6.26,IN,1675825928
279,Polson,47.6936,-114.1632,39.49,96,100,4.18,US,1675825929
280,Tortolì,39.9256,9.6572,44.49,65,83,9.19,IT,1675825931
281,Glendive,47.1053,-104.7125,38.17,80,0,6.91,US,1675825758
282,Yazykovo,55.2199,56.1353,-13.4,100,53,2.77,RU,1675825934
283,Novyy Urgal,51.0736,132.5642,-17.19,84,84,0.63,RU,1675825935
284,Dalby,-27.1833,151.2667,89.98,29,45,3.0,AU,1675825937
285,Saint Peter,13.25,-59.6167,73.96,81,99,19.19,BB,1675825938
286,Krasnyy Yar,46.5331,48.3456,21.13,91,100,21.16,RU,1675825940
287,Grand-Lahou,5.1367,-5.0242,78.03,88,61,5.23,CI,1675825941
288,Port Macquarie,-31.4333,152.9167,77.14,59,73,7.87,AU,1675825942
289,Acapulco de Juárez,16.8634,-99.8901,78.62,73,20,2.3,MX,1675825944
290,Paka,4.6374,103.4368,81.27,76,78,7.7,MY,1675825946
291,Qandala,11.472,49.8728,74.97,80,70,2.82,SO,1675825948
292,Saint Lawrence,36.0553,14.204,47.61,69,100,24.4,MT,1675825949
293,Oktyabr'skiy,54.4815,53.471,-8.77,100,90,1.25,RU,1675825951
294,Margate,51.3813,1.3862,39.43,68,63,2.86,GB,1675825953
295,Camopi,3.1655,-52.3158,71.65,99,100,1.79,GF,1675825954
296,Naivasha,-0.7167,36.4359,57.11,85,28,2.8,KE,1675825956
297,Toulouse,43.6043,1.4437,40.77,70,0,6.91,FR,1675825667
298,Vila Franca do Campo,37.7167,-25.4333,55.81,78,92,10.11,PT,1675825958
299,Norman Wells,65.282,-126.8329,-6.36,99,92,1.41,CA,1675825714
300,Tasiilaq,65.6145,-37.6368,-0.24,39,0,26.84,GL,1675825961
301,Priargunsk,50.3691,119.1012,-12.62,100,99,0.76,RU,1675825962
302,Puksoozero,62.5903,40.6066,27.09,93,100,10.11,RU,1675825964
303,Taltal,-25.4,-70.4833,70.5,79,7,4.03,CL,1675825965
304,Manaus,-3.1019,-60.025,77.49,94,40,0.0,BR,1675825959
305,Santa Isabel Rio Negro,-0.4139,-65.0192,73.81,94,36,1.7,BR,1675825825
306,Pīpri,19.8,75.5333,71.04,34,3,3.96,IN,1675825969
307,Bognor Regis,50.7821,-0.6798,37.74,78,46,5.77,GB,1675825971
308,Belawan,3.7755,98.6832,80.89,79,97,6.69,ID,1675825973
309,Dingle,10.9995,122.6711,81.63,72,100,16.35,PH,1675825975
310,Soyo,-6.1349,12.3689,78.89,83,84,6.44,AO,1675825976
311,Verkhnevilyuysk,63.4453,120.3167,-31.49,96,100,0.54,RU,1675825978
312,Gremyachinsk,58.5603,57.851,-8.1,100,100,3.09,RU,1675825979
313,Mehamn,71.0357,27.8492,35.55,64,35,18.41,NO,1675825981
314,Bilma,18.6853,12.9164,66.18,22,100,7.14,NE,1675825982
315,Richards Bay,-28.783,32.0377,72.27,96,11,7.78,ZA,1675825983
316,Zheleznodorozhnyy,55.7503,38.0042,20.75,96,57,5.28,RU,1675825915
317,Houma,29.5958,-90.7195,68.0,91,75,3.44,US,1675825819
318,Taksimo,56.3444,114.8794,1.02,79,57,1.52,RU,1675825990
319,Egvekinot,66.3167,-179.1667,-22.11,87,87,9.13,RU,1675825809
320,Mölln,53.6333,10.6833,26.47,85,89,2.3,DE,1675825993
321,Kibala,9.1104,18.3463,74.07,17,6,4.12,TD,1675825994
322,Macapá,0.0389,-51.0664,75.18,100,40,2.3,BR,1675825990
323,Broken Hill,-31.95,141.4333,87.37,15,0,11.79,AU,1675825858
324,Buchanan,5.8808,-10.0467,77.38,91,100,4.72,LR,1675825999
325,Golynki,54.8696,31.3861,3.94,100,90,4.85,RU,1675826001
326,Cockburn Town,21.4612,-71.1419,77.88,74,0,23.55,TC,1675826002
327,Bathurst,-33.4166,149.5806,82.83,47,83,4.0,AU,1675826004
328,Tsaratanana,-16.7833,47.65,70.61,88,96,7.27,MG,1675826005
329,Auray,47.6703,-2.9918,39.88,82,91,9.26,FR,1675826007
330,Ludvika,60.1496,15.1878,35.33,97,100,5.3,SE,1675826009
331,Carlsbad,33.1581,-117.3506,60.17,58,0,1.01,US,1675825968
332,Ulaangom,49.9811,92.0667,-11.42,96,100,0.81,MN,1675826012
333,Keuruu,62.2667,24.7,32.18,99,100,3.58,FI,1675826013
334,Kharan,28.5833,65.4167,59.68,29,25,2.62,PK,1675826015
335,Chiredzi,-21.05,31.6667,68.86,81,62,2.19,ZW,1675826016
336,Mossamedes,-15.1961,12.1522,69.69,76,96,5.39,AO,1675825780
337,Lodja,-3.4833,23.4333,70.93,86,100,2.8,CD,1675826020
338,Maniitsoq,65.4167,-52.9,0.9,91,100,10.13,GL,1675825987
339,Rio Verde de Mato Grosso,-18.9181,-54.8442,70.48,92,100,3.13,BR,1675826022
340,Paamiut,61.994,-49.6678,-0.51,78,84,12.26,GL,1675826024
341,Fribourg,46.8024,7.1513,27.05,82,40,5.75,CH,1675826025
342,Makkah al Mukarramah,21.4267,39.8261,61.3,60,47,11.23,SA,1675825945
343,High Level,58.5169,-117.136,9.72,98,35,4.27,CA,1675825817
344,Jalor,25.35,72.6167,66.15,27,1,2.95,IN,1675826029
345,São João da Barra,-21.6403,-41.0511,73.76,94,100,3.78,BR,1675826030
346,Lakes Entrance,-37.8811,147.981,68.16,63,38,10.04,AU,1675826031
347,Dwārka,22.2394,68.9678,70.39,67,36,8.63,IN,1675826033
348,Sadove,46.2487,30.1795,26.55,67,100,17.67,UA,1675826034
349,Angoche,-16.2325,39.9086,75.87,89,100,7.94,MZ,1675826035
350,Walvis Bay,-22.9575,14.5053,66.09,89,36,4.43,NA,1675826015
351,Porterville,36.0652,-119.0168,51.53,87,0,0.0,US,1675826038
352,Rawson,-43.3002,-65.1023,65.21,60,2,4.79,AR,1675825836
353,Mamlyutka,54.9375,68.5394,-5.78,100,89,5.93,KZ,1675826041
354,Shingū,33.7333,135.9833,59.05,35,5,5.53,JP,1675826043
355,Wufeng,27.45,104.8333,38.37,92,100,3.91,CN,1675826045
356,Koryukivka,51.7688,32.2481,13.12,93,6,5.48,UA,1675826047
357,Sinnamary,5.3833,-52.95,75.24,91,61,9.37,GF,1675825971
358,Kovrov,56.3572,41.3192,5.7,96,99,7.05,RU,1675826049
359,Berlevåg,70.8578,29.0864,35.6,69,26,18.41,NO,1675825775
360,Juneau,58.3019,-134.4197,34.21,97,75,3.44,US,1675825977
361,Pata,17.7152,121.5018,81.63,75,51,2.64,PH,1675826055
362,Wanaka,-44.7,169.15,67.1,34,94,11.99,NZ,1675825906
363,Noumea,-22.2763,166.4572,89.58,99,98,10.31,NC,1675826057
364,Hay River,60.8156,-115.7999,1.81,95,100,5.95,CA,1675826059
365,Port Blair,11.6667,92.75,82.44,69,40,11.5,IN,1675825850
366,Saint-Pierre,-21.3393,55.4781,78.48,78,0,11.5,RE,1675826062
367,Saint Anthony,45.0205,-93.218,29.82,81,0,6.91,US,1675825977
368,Zverinogolovskoye,54.4586,64.8542,-18.45,100,99,4.18,RU,1675826065
369,Stornoway,58.2093,-6.3865,46.36,79,100,39.12,GB,1675826066
370,Ilulissat,69.2167,-51.1,-16.58,76,40,6.91,GL,1675826069
371,Upington,-28.4478,21.2561,66.58,88,85,8.05,ZA,1675826070
372,Nushki,29.5542,66.0215,58.46,33,100,7.56,PK,1675826072
373,Baillif,16.0202,-61.7463,72.9,79,10,11.1,GP,1675826075
374,Rānāvāv,21.6842,69.7408,70.2,53,40,5.77,IN,1675826077
375,Longyearbyen,78.2186,15.6401,24.64,68,40,19.57,SJ,1675826079
376,Yar-Sale,66.8333,70.8333,6.31,83,100,21.79,RU,1675826080
377,Nara,34.6851,135.8049,48.96,55,43,9.84,JP,1675826082
378,Mincivan,39.0294,46.7185,37.8,98,100,5.53,AZ,1675826083
379,West Bay,19.3667,-81.4167,79.0,81,20,13.8,KY,1675826085
380,Kailua,21.4022,-157.7394,80.58,77,40,16.11,US,1675826086
381,Redding,40.5865,-122.3917,47.97,76,0,1.99,US,1675826088
382,Fort Nelson,58.8053,-122.7002,9.95,97,10,2.82,CA,1675826089
383,Belmonte,-15.8631,-38.8828,77.49,78,25,8.16,BR,1675826091
384,Charters Towers,-20.1,146.2667,89.62,44,97,10.71,AU,1675826092
385,Baruun-Urt,46.6806,113.2792,4.84,79,4,9.6,MN,1675826093
386,Boguchany,58.3814,97.4531,13.15,95,100,3.13,RU,1675826095
387,Jining,35.405,116.5814,50.7,53,96,7.74,CN,1675826096
388,Gamba,-2.65,10.0,75.88,85,60,2.42,GA,1675826098
389,Kitami,43.8031,143.8908,27.12,57,78,7.29,JP,1675826099
390,Cherskiy,68.75,161.3,-27.76,95,100,5.64,RU,1675825963
391,Beringovskiy,63.05,179.3167,-18.44,94,71,7.78,RU,1675825911
392,Severomuysk,56.1481,113.4267,-7.47,93,73,2.95,RU,1675826103
393,Taguatinga,-12.3857,-46.5711,75.56,67,67,1.83,BR,1675826105
394,Caravelas,-17.7125,-39.2481,76.82,83,6,7.0,BR,1675826106
395,Bubaque,11.2833,-15.8333,75.22,65,5,13.69,GW,1675826109
396,Butiá,-30.1197,-51.9622,68.13,84,37,4.45,BR,1675826111
397,Okato,-39.2,173.8833,72.91,100,6,14.72,NZ,1675826112
398,Samarai,-10.6167,150.6667,82.54,76,100,14.83,PG,1675826113
399,Zhezkazgan,47.8043,67.7144,4.98,85,100,4.47,KZ,1675826115
400,Vanino,49.0869,140.2543,9.93,59,41,6.42,RU,1675826080
401,Banda Aceh,5.5577,95.3222,81.43,76,99,11.54,ID,1675825921
402,Asău,46.4333,26.4,15.55,96,98,4.83,RO,1675825839
403,Alice Springs,-23.7,133.8833,92.75,40,40,13.8,AU,1675826120
404,Souillac,-20.5167,57.5167,77.83,81,37,14.79,MU,1675826041
405,Saint-Joseph,-21.3667,55.6167,77.38,80,77,13.49,RE,1675826053
406,Jumla,29.2747,82.1838,43.75,26,0,3.38,NP,1675826107
407,Fenyi,27.8112,114.6681,52.03,93,98,3.0,CN,1675826126
408,Sakaiminato,35.55,133.2333,49.35,65,52,11.99,JP,1675826127
409,Bathsheba,13.2167,-59.5167,75.81,88,40,11.5,BB,1675825961
410,Turbat,26.0023,63.044,65.37,43,41,1.36,PK,1675826130
411,Neiafu,-18.65,-173.9833,83.08,83,75,5.75,TO,1675826131
412,Quilmaná,-12.95,-76.3833,74.62,82,18,3.06,PE,1675826134
413,Sur,22.5667,59.5289,72.77,54,45,7.0,OM,1675826136
414,Umluj,25.0213,37.2685,61.23,57,95,10.51,SA,1675826111
415,La Ronge,55.1001,-105.2842,25.7,80,3,11.79,CA,1675826139
416,Verkh-Usugli,52.7,115.1667,4.53,74,4,2.28,RU,1675826141
417,Zhigansk,66.7697,123.3711,-46.44,97,100,6.55,RU,1675826142
418,Green Valley,31.8543,-110.9937,53.44,42,0,4.43,US,1675826143
419,Niquero,20.0431,-77.5828,73.51,82,30,17.63,CU,1675826145
420,Acaponeta,22.4964,-105.3594,62.73,71,24,1.36,MX,1675826146
421,Parelhas,-6.6878,-36.6575,73.78,62,97,18.43,BR,1675826148
422,Portel,-1.9356,-50.8211,73.53,96,100,3.53,BR,1675826150
423,Verkhoyansk,67.5447,133.385,-47.38,96,73,0.34,RU,1675825877
424,Kralendijk,12.15,-68.2667,78.78,73,20,14.97,BQ,1675826153
425,Pevek,69.7008,170.3133,-21.84,95,100,3.29,RU,1675826155
426,Bugul'ma,54.55,52.8,-6.61,100,61,2.86,RU,1675826156
427,Shelburne,44.0787,-80.2041,34.12,95,100,12.46,CA,1675825932
428,Bambous Virieux,-20.3428,57.7575,78.22,80,30,15.75,MU,1675826158
429,Vostok,46.4856,135.8833,4.28,75,61,12.28,RU,1675826160
430,Katrineholm,58.9959,16.2072,38.64,89,100,7.94,SE,1675826162
431,Mehrān,33.1222,46.1646,49.68,64,68,4.32,IR,1675826163
432,Northam,51.0333,-4.2167,38.61,92,0,6.42,GB,1675826165
433,Katherine,-14.4667,132.2667,93.52,49,61,4.61,AU,1675826166
434,Darnah,32.767,22.6367,51.53,76,95,10.98,LY,1675826168
435,Umm Hājar,13.2954,19.6966,67.64,22,94,9.13,TD,1675825989
436,Kahului,20.8947,-156.47,77.02,77,40,21.85,US,1675826094
437,Kaeo,-35.1,173.7833,78.33,66,38,7.25,NZ,1675826035
438,Waipawa,-41.4122,175.5153,67.87,58,20,3.83,NZ,1675826173
439,Abrau-Dyurso,44.69,37.59,22.46,86,97,29.37,RU,1675826175
440,Barra de Tecoanapa,16.5167,-98.75,76.12,78,4,4.16,MX,1675826176
441,Los Llanos de Aridane,28.6585,-17.9182,53.35,62,20,6.91,ES,1675826179
442,Tocopilla,-22.092,-70.1979,73.78,78,18,4.07,CL,1675826180
443,Broome,42.2506,-75.833,39.67,77,100,11.5,US,1675826182
444,Hobyo,5.3505,48.5268,77.14,68,97,14.58,SO,1675826183
445,St-Jean-Port-Joli,47.2171,-70.2658,27.28,92,100,6.76,CA,1675826185
446,Shimoda,34.6667,138.95,48.11,76,60,8.1,JP,1675826186
447,Tegul'det,57.3064,88.1667,8.76,95,100,6.49,RU,1675826188
448,Dunedin,-45.8742,170.5036,61.25,46,71,17.72,NZ,1675825981
449,Boulder City,35.9786,-114.8325,54.25,34,0,5.75,US,1675826190
450,Eenhana,-17.4667,16.3333,66.15,49,100,4.7,NA,1675826016
451,Kirya,-3.9167,37.4833,70.75,79,76,2.64,TZ,1675826194
452,Olafsvik,64.8945,-23.7142,27.77,56,100,29.28,IS,1675826196
453,Imeni Stepana Razina,54.8932,44.2963,-3.23,100,100,4.47,RU,1675826198
454,Chambersburg,39.9376,-77.6611,46.27,79,100,1.01,US,1675826200
455,Luganville,-15.5333,167.1667,84.87,69,100,7.43,VU,1675826201
456,Ormara,25.2088,64.6357,69.76,65,2,3.87,PK,1675826203
457,Letnyaya Stavka,45.4306,43.4472,19.15,95,100,10.58,RU,1675826204
458,Hervey Bay,-25.2986,152.8535,80.53,61,74,19.24,AU,1675826205
459,Seminole,28.7086,-81.2081,66.34,84,0,3.44,US,1675826152
460,Mahébourg,-20.4081,57.7,79.09,83,40,11.5,MU,1675826200
461,Ambilobe,-13.2,49.05,73.33,94,100,1.97,MG,1675826209
462,Guerrero Negro,27.9769,-114.0611,62.38,35,0,7.54,MX,1675826061
463,Isangel,-19.55,169.2667,81.68,77,93,3.29,VU,1675826213
464,Bereda,43.2686,-7.5406,31.14,91,37,2.55,ES,1675825991
465,Abbeville,50.1,1.8333,26.56,68,4,3.24,FR,1675825954
466,Khovd,48.0056,91.6419,3.18,76,98,0.4,MN,1675826025
467,Moose Factory,51.2585,-80.6094,3.2,66,0,12.66,CA,1675826219
468,Reconquista,-29.15,-59.65,80.89,27,0,7.2,AR,1675826220
469,Port Keats,-14.25,129.55,89.58,59,31,8.86,AU,1675826216
470,Ust'-Barguzin,53.45,108.9833,6.71,90,100,4.32,RU,1675826223
471,Manoel Urbano,-8.8389,-69.2597,72.3,95,51,1.41,BR,1675826224
472,Pontianak,-0.0333,109.3333,84.18,70,40,2.3,ID,1675826226
473,Abhā,18.2164,42.5053,48.02,87,0,0.0,SA,1675826227
474,Ampanihy,-24.7,44.75,74.41,69,100,4.68,MG,1675826228
475,Conceição do Araguaia,-8.2578,-49.2647,73.06,93,83,2.86,BR,1675826231
476,Dhone,15.4167,77.8833,75.6,54,37,3.62,IN,1675826232
477,Ishigaki,24.3448,124.1572,73.53,73,75,13.8,JP,1675826235
478,Soe,-9.8607,124.284,78.01,73,15,3.87,ID,1675826236
479,Dalnerechensk,45.9339,133.7225,6.91,84,65,4.18,RU,1675826238
480,Karaton,-6.3424,106.1045,78.3,82,100,2.68,ID,1675826239
481,Darhan,49.4867,105.9228,0.23,92,10,4.41,MN,1675826241
482,Bogandé,12.9714,-0.1436,76.17,16,67,9.51,BF,1675826242
483,Coahuayana Viejo,18.7333,-103.6833,71.26,91,18,2.35,MX,1675826244
484,Aklavik,68.2191,-135.0107,-20.29,96,100,7.65,CA,1675826245
485,Marabu,4.4148,114.0089,87.94,66,20,3.44,MY,1675826247
486,Pusad,19.9,77.5833,72.91,29,1,6.49,IN,1675826249
487,Lumphat,13.4878,106.9816,88.68,46,12,4.47,KH,1675826250
488,Dzerzhinskoye,56.8344,95.2283,17.82,91,100,3.85,RU,1675826252
489,Luanda,-8.8368,13.2343,76.24,80,100,7.7,AO,1675826166
490,Carmo do Rio Claro,-20.9719,-46.1189,66.99,95,96,1.66,BR,1675826255
491,Eastbourne,50.7687,0.2845,36.72,89,99,3.62,GB,1675826257
492,Honiara,-9.4333,159.95,84.6,72,100,6.49,SB,1675826242
493,Assiniboia,49.6334,-105.9845,31.82,80,100,9.22,CA,1675826259
494,Ribas do Rio Pardo,-20.4431,-53.7592,70.25,97,78,3.91,BR,1675826261
495,Sémbé,1.6481,14.5806,69.24,80,90,2.48,CG,1675826262
496,Tonj,7.2737,28.6822,72.07,18,3,5.68,SS,1675826265
497,Scottsbluff,41.8666,-103.6672,37.29,64,0,8.99,US,1675826046
498,Rāvar,31.2656,56.8055,53.96,58,89,13.69,IR,1675826267
499,Alegrete,-29.7831,-55.7919,76.95,34,0,9.98,BR,1675826268
500,Batemans Bay,-35.7167,150.1833,69.1,84,100,2.1,AU,1675826270
501,Dutse,11.7594,9.3392,65.07,24,79,8.97,NG,1675826271
502,Tacuarembó,-31.7333,-55.9833,71.96,42,0,4.59,UY,1675826273
503,Hualmay,-11.0964,-77.6139,72.64,85,26,5.99,PE,1675826274
504,Nizip,37.0097,37.7942,32.13,51,49,7.94,TR,1675826275
505,Resistencia,-27.4606,-58.9839,87.1,51,96,6.91,AR,1675826240
506,Pemba,-12.974,40.5178,75.78,89,100,7.61,MZ,1675826278
507,Jiazi,22.8779,116.067,66.94,73,52,22.55,CN,1675826280
508,Beloha,-25.1667,45.05,73.71,76,100,7.29,MG,1675826281
509,Vlotho,52.1653,8.86,29.16,77,100,4.61,DE,1675826283
510,Mandurah,-32.55,115.7,82.06,52,0,9.6,AU,1675826199
511,Lindenberg,49.3803,8.0986,31.24,57,0,4.74,DE,1675826285
512,Maţāy,28.419,30.7792,46.54,61,100,1.72,EG,1675826288
513,Grocka,44.6722,20.7175,25.9,77,80,6.26,RS,1675826289
514,Carauari,-4.8828,-66.8958,73.58,98,95,1.88,BR,1675826291
515,Jacareacanga,-6.2222,-57.7528,73.06,98,96,1.1,BR,1675826292
516,Namalenga,-10.95,39.1,70.23,98,100,2.55,TZ,1675826293
517,Soverato Marina,38.685,16.5499,33.75,66,1,3.47,IT,1675826295
518,Abnūb,27.2696,31.1511,45.86,60,85,3.36,EG,1675826296
519,Humaitá,-7.5061,-63.0208,74.19,98,95,1.05,BR,1675826298
520,Cam Ranh,11.9214,109.1591,82.36,69,75,10.36,VN,1675826299
521,Nemuro,43.3236,145.575,26.19,57,28,3.89,JP,1675826301
522,Kichera,55.9375,110.0997,5.99,83,74,0.76,RU,1675826303
523,Bom Jesus,-9.0744,-44.3586,72.68,78,87,1.57,BR,1675826305
524,Poum,-20.2333,164.0167,80.17,85,100,15.88,NC,1675826191
525,Igarka,67.4667,86.5833,-8.09,100,98,2.51,RU,1675826307
526,West Wendover,40.7391,-114.0733,29.41,86,0,3.44,US,1675826309
527,Dargaville,-35.9333,173.8833,71.85,60,35,9.75,NZ,1675826310
528,Saldanha,-33.0117,17.9442,63.72,89,0,11.79,ZA,1675826311
529,Coolum Beach,-26.5333,153.1,82.11,69,78,14.41,AU,1675826313
530,Chernushka,56.5072,56.0766,-13.31,100,99,3.04,RU,1675826314
531,São Borja,-28.6606,-56.0044,74.95,24,1,8.23,BR,1675826316
532,Qasigiannguit,68.8193,-51.1922,-16.35,99,99,2.73,GL,1675826317
533,Soanierana Ivongo,-16.9167,49.5833,74.53,92,96,4.81,MG,1675826318
534,Morón,-34.6534,-58.6198,82.96,62,0,9.31,AR,1675826320
535,Junction City,39.0286,-96.8314,39.79,58,0,0.0,US,1675826091
536,Fort-Shevchenko,44.5086,50.263,33.03,91,100,29.19,KZ,1675826322
537,Ambon City,-3.6954,128.1814,91.54,55,20,10.36,ID,1675826324
538,Kiunga,-6.1219,141.2906,85.71,67,85,6.73,PG,1675826325
539,Escuinapa,22.85,-105.8,62.67,72,18,2.44,MX,1675826326
540,Oildale,35.4197,-119.0195,56.77,76,0,5.75,US,1675826328
541,Ascension,30.2169,-90.9001,67.08,92,75,0.0,US,1675826329
542,Toyooka,35.5333,134.8333,44.65,93,75,6.91,JP,1675826331
543,Slave Lake,55.2834,-114.769,21.18,73,0,3.44,CA,1675826332
544,Westport,41.1415,-73.3579,41.56,86,100,3.44,US,1675826334
545,Gewanē,10.1664,40.6453,71.73,57,1,5.08,ET,1675826190
546,Windhoek,-22.5594,17.0832,63.43,89,27,1.14,NA,1675826338
547,Barreirinha,-2.7933,-57.07,74.57,96,100,1.74,BR,1675826340
548,Rosarito,32.3333,-117.0333,59.13,45,0,5.19,MX,1675826241
549,Ambunti,-4.2365,142.8448,85.86,68,95,4.14,PG,1675826342
550,Tarko-Sale,64.9225,77.785,-15.43,100,98,7.47,RU,1675826344
551,Äänekoski,62.6946,25.818,32.07,100,100,4.83,FI,1675826345
552,Meadow Lake,34.8014,-106.5436,34.79,77,99,3.53,US,1675826157
553,Bairiki Village,1.3292,172.9752,86.0,62,20,16.11,KI,1675826348
554,Pavlodar,52.3,76.95,-0.6,85,100,2.24,KZ,1675826350
555,Port Hedland,-20.3167,118.5667,95.05,49,14,11.5,AU,1675826351
556,Yarmouth,41.7057,-70.2286,35.65,85,75,9.22,US,1675826353
557,Cayenne,4.9333,-52.3333,77.04,88,20,3.44,GF,1675826115
